<?xml version="1.0" encoding="UTF-8"?>
<project-private xmlns="http://www.netbeans.org/ns/project-private/1">
    <editor-bookmarks xmlns="http://www.netbeans.org/ns/editor-bookmarks/2" lastBookmarkId="0"/>
    <open-files xmlns="http://www.netbeans.org/ns/projectui-open-files/2">
        <group>
            <file>file:/C:/Users/andres/OneDrive/Escritorio/DAM/Examenes%20Junio%20DAM/PSP/Cliente_Servidor_Farmacia/src/cliente_servidor_farmacia/Cliente.java</file>
            <file>file:/C:/Users/andres/OneDrive/Escritorio/DAM/Examenes%20Junio%20DAM/PSP/Cliente_Servidor_Farmacia/src/cliente_servidor_farmacia/Servidor.java</file>
            <file>file:/C:/Users/andres/OneDrive/Escritorio/DAM/Examenes%20Junio%20DAM/PSP/Cliente_Servidor_Farmacia/src/cliente_servidor_farmacia/SimuladorClientes.java</file>
        </group>
    </open-files>
</project-private>
