<?xml version="1.0" encoding="UTF-8"?>
<project-private xmlns="http://www.netbeans.org/ns/project-private/1">
    <editor-bookmarks xmlns="http://www.netbeans.org/ns/editor-bookmarks/2" lastBookmarkId="0"/>
    <open-files xmlns="http://www.netbeans.org/ns/projectui-open-files/2">
        <group>
            <file>file:/C:/Users/andres/OneDrive/Escritorio/DAM/Examenes%20Junio%20DAM/PSP/HotelPelhilosALaMar/ProyectoBaseHotel(Foro)/src/proyectobasehotel/ServidorHTTP.java</file>
            <file>file:/C:/Users/andres/OneDrive/Escritorio/DAM/Examenes%20Junio%20DAM/PSP/HotelPelhilosALaMar/ProyectoBaseHotel(Foro)/src/proyectobasehotel/Paginas.java</file>
        </group>
    </open-files>
</project-private>
